,順位,商品名,価格
0,1,ポイント10倍 送料無料 お歳暮 御歳暮 ギフト クリスマス プレゼント お年賀 ヨックモック お菓子 スイーツ 詰め合わせYCD-30 サンク デリス（5種45個入り）洋菓子 クッキー 手土産 個包装 内祝い 焼き菓子 お祝い お返し お取り寄せ 誕生日 チョコ 帰省土産 のし 缶,3240
1,2,お歳暮 御歳暮 ギフト クリスマス プレゼント 年賀 ヨックモック お菓子 スイーツ 詰め合わせYCDL-20 カドー ドゥ リベール （4種28個入り）洋菓子 クッキー 手土産 個包装 内祝い 焼き菓子 お祝い お返し お取り寄せ 誕生日 チョコ 帰省土産 退職祝い 還暦 のし 缶,2160
2,3,お歳暮 御歳暮 ギフト クリスマス プレゼント お年賀 ヨックモック お菓子 スイーツ 詰め合わせYCDL-15 カドー ドゥ リベール (4種20個入り)洋菓子 クッキー 手土産 個包装 内祝い 焼き菓子 お祝い お返し お取り寄せ 誕生日 チョコ 帰省土産 退職祝い 還暦 のし 缶,1620
3,4,【TV紹介】お歳暮 ギフト クリスマス スイーツ 誕生日プレゼント おしゃれ 生チーズケーキ 詰め合わせ 8個 プリン ケーキ 健康スイーツ お取り寄せ お菓子 洋菓子 健康 フルーツ プチギフト 結婚式 お土産 出産祝 退職祝 お返し 御礼 内祝 送料無料 御歳暮 お年賀 あす楽,3980
4,5,お歳暮 ギフト 送料無料 スイーツ 御歳暮 お年賀 誕生日プレゼント 洋菓子 お菓子 内祝い 出産内祝い お返し 女性 母 女性 母 男性 詰め合わせ セット お礼 お祝い おしゃれ 乳酸菌 健康 高級 健康【ヘルシースイーツアソート 12個入】,4980
5,6,お歳暮 御歳暮 ギフト クリスマス プレゼント お年賀 ヨックモック お菓子 スイーツ 詰め合わせYCD-20 プティ サンク デリス（5種28個入り）洋菓子 クッキー 手土産 個包装 内祝い 焼き菓子 お祝い お返し お取り寄せ 誕生日 チョコ 帰省土産 退職祝い 還暦 のし 缶,2160
6,7,お歳暮 送料無料 ギフト 御歳暮 お菓子 プレゼント スイーツ 誕生日プレゼント玉華堂の極プリン5個入 送料無料(北海道、沖縄別途送料700円)「クリスマス 出産祝い 内祝い お取り寄せ 洋菓子 人気 2021 御礼 ランキング 1位 ネット限定」,2980
7,8,苺スイーツギフトセットMサイズ | スイーツ ギフト 焼き菓子 洋菓子 内祝い お礼 お返し お祝い プレゼント お土産 手土産 福岡 博多 あまおう苺 苺 個包装 御歳暮 お歳暮 冬ギフト 年賀 御年賀 お年賀 送料無料 宅急便発送 Agift,2484
8,9,お歳暮 ギフト 送料無料 スイーツ 御歳暮 誕生日プレゼント お年賀 洋菓子 お菓子 内祝い 出産内祝い お返し 女性 母 女性 母 男性 詰め合わせ セット お礼 お祝い おしゃれ 乳酸菌 健康 高級 健康【ヘルシースイーツアソート 8個入】,3980
9,10,お歳暮 ジュース みかんジュース ストレート みかんゼリー ギフト 詰め合わせ スイーツ ゼリー 送料無料 内祝 洋菓子 お返し みかんしぼり 伊藤農園 オレンジ v-113 無添加 和歌山 国産 お取り寄せ 手土産 冬ギフト 御歳暮,3650
10,11,送料無料 お歳暮 御歳暮 ギフト クリスマス プレゼント お年賀 ヨックモック お菓子 スイーツ 詰め合わせ YCD-40 サンク デリス（5種60個入り）洋菓子 クッキー 手土産 個包装 内祝い 焼き菓子 お祝い お返し お取り寄せ 誕生日 チョコ 退職祝い のし 帰省土産 米寿,4320
11,12,お歳暮 御歳暮 ギフト クリスマス プレゼント お年賀 ヨックモック お菓子 スイーツ 詰め合わせYCG-D シガール（20本入り）洋菓子 クッキー 手土産 個包装 内祝い 焼き菓子 お祝い お返し お取り寄せ 誕生日 チョコ 帰省土産 退職祝い 還暦 のし 缶 出産祝い 引越,1458
12,13,ポイント10倍 送料無料 お歳暮 御歳暮 ギフト クリスマス プレゼント お年賀 ヨックモック お菓子 スイーツ 詰め合わせ YGE-B ガトー エクセラン (5種48個入り)洋菓子 クッキー 手土産 個包装 内祝い 焼き菓子 お祝い お返し お取り寄せ 退職祝い のし 帰省土産 缶,3980
13,14,お歳暮 お歳暮ギフト パティスリー キハチ 送料無料 お菓子 御菓子 内祝い お菓子 内祝い 手土産 お菓子 手土産 焼菓子ギフト 8種15個入百貨店で人気！ 食べ物 誕生日 高級 40代 50代 60代 70代 80代 90代 お年賀 年賀 御年賀 御歳暮 歳暮,3240
14,15,TOKYO BakedBaseギフトセットM 秋冬Ver｜SAND COOKIE LANGUE DE CHAT｜内祝 御祝 焼き菓子 洋菓子 内祝い お礼 お祝い プレゼント お土産 手土産 個包装 東京 おしゃれ 御歳暮 お歳暮 冬ギフト あす楽対応 送料無料 宅急便発送 Agift,3888
15,16,送料無料 お歳暮 御歳暮 ギフト クリスマス プレゼント お年賀 ヨックモック お菓子 スイーツ 詰め合わせYCG-F シガール（48本入り）洋菓子 クッキー 手土産 個包装 内祝い 焼き菓子 お祝い お返し お取り寄せ 誕生日 チョコ 退職祝い のし 帰省土産 結婚 出産 還暦,3240
16,17,【送料込】ワッフルケーキ10個入り お歳暮 スイーツ 送料無料 お年賀 年始 お菓子 手土産 おしゃれ 洋菓子 ギフト お取り寄せスイーツ ケーキ 退職 お礼 出産内祝い 出産 お祝い返し 内祝い お返し 誕生日 バレンタイン プレゼント 手土産 御歳暮 お菓子 熨斗 詰め合わせ,2500
17,18,送料無料 お歳暮 御歳暮 ギフト クリスマス プレゼント お年賀 ヨックモック お菓子 スイーツ 詰め合わせYCD-50 グラン サンク デリス（5種77個入り）洋菓子 クッキー 手土産 個包装 内祝い 焼き菓子 お祝い お返し お取り寄せ 誕生日 チョコ 退職祝い のし 帰省土産,5400
18,19,お歳暮 御歳暮 ギフト クリスマス プレゼント お年賀 ヨックモック お菓子 スイーツ 詰め合わせYCG-B シガール（14本入り）洋菓子 クッキー 手土産 個包装 内祝い 焼き菓子 お祝い お返し お取り寄せ 誕生日 チョコ 帰省土産 退職祝い 還暦 のし 缶 結婚祝い 還暦,972
19,20,お歳暮 お歳暮ギフト 御歳暮 歳暮 贈り物 ギフト プレゼント 内祝い お返し 健康ギフト ヘルシー ギフトセット 送料無料 お祝い スイーツ お取り寄せわかやまポンチ6個入日本ギフト大賞受賞！和歌山県認定フルーツゼリー,3499
20,21,風美庵スイーツセレクションS | あまおう 御歳暮 お歳暮 冬ギフト 焼き菓子 洋菓子 内祝い お礼 お返し お祝い プレゼント お土産 手土産 福岡 博多 個包装 あす楽対応 送料無料 宅急便発送 Agift,2484
21,22,お歳暮 御歳暮 ギフト クリスマス プレゼント お年賀 ヨックモック お菓子 スイーツ 詰め合わせYCG-E シガール（30本入り）洋菓子 クッキー 手土産 個包装 内祝い 焼き菓子 お祝い お返し お取り寄せ 誕生日 チョコ 帰省土産 退職祝い 還暦 のし 缶 出産 結婚 喜寿,2160
22,23,お歳暮 お歳暮ギフト 御歳暮 歳暮 パティスリー キハチ 出産 内祝い お返し スイーツ お菓子 焼き菓子 洋菓子 セット 詰め合わせ おしゃれキハチ 焼菓子ギフト 10種32個入 お年賀 年賀 御年賀,5400
23,24,【送料込】ワッフルケーキ20種入り お歳暮 お年賀 スイーツ 送料無料 かわいい 洋菓子 ギフト バレンタイン お取り寄せスイーツ お年賀ケーキ 冷凍 退職 お礼 手土産 お菓子 熨斗 おしゃれ 結婚 産休 出産内祝い 出産 お祝い返し 内祝い お返し 詰め合わせ ケーキセット,4500
24,25,年内発送OK お歳暮 御歳暮 お年賀 御年賀 プレゼント あす楽 送料無料 季節のギフトセット 24個入 お祝い お返し スイーツ ギフト 内祝い 出産祝い 結婚祝い お菓子 和菓子 洋菓子 焼き菓子 個包装 お土産 贈り物 詰め合わせ 帰省 年末年始 ※北海道送料500円/沖縄離島1500円,4880
25,26,お歳暮 早割 送料無料 ギフト スイーツ お誕生日 プレゼント 送料無料 おしゃれ 生チーズケーキ 詰め合わせ 12個入 プリン ケーキ 健康スイーツお取り寄せ スイーツ お菓子 内祝 健康 フルーツ プチギフト 結婚式 ご挨拶 お土産 出産祝 退職祝 お返し 御礼 あす楽,4980
26,27,ギフト 財宝 プレミアム プリン 送料無料 選べる6種 6個入 (スペシャル/抹茶/ショコラ/チーズ/紅はるか/きなこ)[おもてなし とろふわ とろとろ ふわとろ 人気 洋菓子 ランキング 1位 スイーツ],2680
27,28,お歳暮 御歳暮 ギフト クリスマス プレゼント 年賀 ヨックモック お菓子 スイーツ 詰め合わせYTC-28 トロワ シガール（33本入り）洋菓子 クッキー 手土産 個包装 内祝い 焼き菓子 お祝い お返し お取り寄せ 誕生日 チョコ 帰省土産 退職祝い 還暦 のし 缶 喜寿 米寿,3024
28,29,［スピード配送］送料無料 銀座千疋屋特選 銀座ゼリーB 9個入り : 千疋屋 ゼリー ギフト 内祝い クリスマス お歳暮,3240
29,30,お歳暮 ギフト HPP-40N28 送料無料 プティ・タ・プティ・アソート Mボックス クッキー 詰め合わせ 誕生日 プレゼント お菓子 手土産 可愛い 出産 内祝 お土産 ご挨拶 お供え 御歳暮 フィナンシェ マドレーヌ 缶 一口サイズ,4320
